Task Name,Start Date,End Date,Duration (days),Responsible Person,Status
Project Kickoff,1/2/2024,1/5/2024,3,Michael Reed,Completed
Requirements Gathering,1/6/2024,1/15/2024,9,Sarah Lin,Completed
Stakeholder Alignment Meetings,1/16/2024,1/18/2024,2,David Chen,Completed
Technical Architecture Design,1/19/2024,1/29/2024,10,Emily Jackson,Completed
Cloud Vendor Evaluation and Selection,1/30/2024,2/5/2024,6,Mark Wilson,Completed
Initial Cloud Environment Setup,2/6/2024,2/15/2024,9,Nathan Hall,Completed
Security Assessment and Planning,2/16/2024,2/23/2024,7,Olivia Martin,Completed
Application Migration Strategy,2/24/2024,3/2/2024,6,Megan Evans,Completed
Legacy System Integration,3/3/2024,3/12/2024,9,Carlos Rodriguez,In Progress
Network Configuration,3/13/2024,3/20/2024,7,Sophia Lee,In Progress
Database Migration,3/21/2024,3/31/2024,10,David Harris,Not Started
Performance Testing,4/1/2024,4/10/2024,9,Daniel Scott,Not Started
Cloud Environment Scaling,4/11/2024,4/20/2024,9,Rebecca Adams,Not Started
Data Backup and Recovery Plan,4/21/2024,4/28/2024,7,Joseph Perez,Not Started
User Access Management Implementation,4/29/2024,5/5/2024,6,Emily Johnson,Not Started
Cloud Cost Optimization,5/6/2024,5/15/2024,9,Michael Anderson,Not Started
Training for Cloud Operations Team,5/16/2024,5/23/2024,7,Jessica Brown,Not Started
Monitoring System Setup,5/24/2024,5/30/2024,6,Eric Thomas,Not Started
Compliance Audits,6/1/2024,6/7/2024,6,Christine White,Not Started
Final Cloud Deployment,6/8/2024,6/15/2024,7,Brian Davis,Not Started
Post-Deployment Monitoring,6/16/2024,6/23/2024,7,Lisa Nguyen,Not Started
Application Optimization,6/24/2024,7/2/2024,8,Samuel Lopez,Not Started
Disaster Recovery Testing,7/3/2024,7/10/2024,7,Anthony King,Not Started
User Training Sessions,7/11/2024,7/20/2024,9,Angela Martinez,Not Started
Cloud Environment Handover,7/21/2024,7/25/2024,4,Matthew Cooper,Not Started
Cloud Security Monitoring Setup,7/26/2024,8/1/2024,6,Natalie Ross,Not Started
Performance Monitoring System Update,8/2/2024,8/10/2024,8,Kevin Turner,Not Started
Final Security Review,8/11/2024,8/15/2024,4,Andrew Moore,Not Started
Final Handover and Project Closure,8/16/2024,8/20/2024,4,Emily Johnson,Not Started
Post-Project Evaluation,8/21/2024,8/25/2024,4,Sarah Lin,Not Started
